PERIODIC POLLING,,,,,,,,
,,,,,,,,
grain size, period [us], duty cycle, relative latency (1/1024 periods), latency [us], latency resolution [us], missed events, time elapsed [ms], tasks completed
  20,  164, 12%,  26744,   6418,   160,      527,    102,  16000
  20,  164, 25%,   6354,   1524,   160,      441,    102,  16000
  20,  164, 37%,   8445,   2026,   160,      439,    102,  16000
  20,  164, 50%,   4353,   1044,   160,      435,    102,  16000
  20,  164, 62%,   7170,   1720,   160,      437,    103,  16000
  20,  164, 75%,   8899,   2135,   160,      443,    102,  16000
  20,  164, 87%,  27371,   6569,   160,      537,    103,  16000
  20,  246, 12%,  15480,   5572,   240,      313,    103,  16000
  20,  246, 25%,   9366,   3371,   240,      220,    102,  16000
  20,  246, 37%,   5264,   1895,   240,      124,    102,  16000
  20,  246, 50%,   2506,    902,   240,       46,    103,  16000
  20,  246, 62%,   5373,   1934,   240,      126,    102,  16000
  20,  246, 75%,   9590,   3452,   240,      216,    103,  16000
  20,  246, 87%,  15841,   5702,   240,      311,    102,  16000
  20,  328, 12%,   9310,   4468,   320,      211,    102,  16000
  20,  328, 25%,   4195,   2013,   320,      110,    102,  16000
  20,  328, 37%,   1297,    622,   320,       19,    102,  16000
  20,  328, 50%,   1303,    625,   320,        8,    103,  16000
  20,  328, 62%,   1286,    617,   320,       20,    102,  16000
  20,  328, 75%,   4321,   2074,   320,      112,    102,  16000
  20,  328, 87%,   9569,   4593,   320,      215,    103,  16000
  20,  410, 12%,   4160,   2496,   400,      150,    102,  16000
  20,  410, 25%,   3280,   1968,   400,       45,    102,  16000
  20,  410, 37%,   1316,    789,   400,        4,    102,  16000
  20,  410, 50%,   1053,    631,   400,        1,    103,  16000
  20,  410, 62%,   1260,    756,   400,        9,    102,  16000
  20,  410, 75%,   2391,   1434,   400,       52,    103,  16000
  20,  410, 87%,   4348,   2608,   400,      150,    102,  16000
  20,  492, 12%,   5189,   3736,   480,      113,    103,  16000
  20,  492, 25%,   1110,    799,   480,       11,    102,  16000
  20,  492, 37%,    352,    253,   480,        0,    102,  16000
  20,  492, 50%,    360,    259,   480,        0,    102,  16000
  20,  492, 62%,    363,    261,   480,        0,    102,  16000
  20,  492, 75%,   1266,    911,   480,       10,    102,  16000
  20,  492, 87%,   8370,   6026,   480,      107,    103,  16000
  20,  574, 12%,   6263,   5260,   560,       81,    102,  16000
  20,  574, 25%,   1225,   1029,   560,        7,    102,  16000
  20,  574, 37%,    307,    257,   560,        0,    102,  16000
  20,  574, 50%,   1094,    918,   560,        1,    103,  16000
  20,  574, 62%,    305,    256,   560,        0,    102,  16000
  20,  574, 75%,   1128,    947,   560,        9,    103,  16000
  20,  574, 87%,   5327,   4474,   560,       75,    102,  16000
  20,  656, 12%,   4175,   4008,   640,       62,    102,  16000
  20,  656, 25%,    247,    237,   640,        0,    102,  16000
  20,  656, 37%,   1118,   1073,   640,        1,    103,  16000
  20,  656, 50%,    264,    253,   640,        0,    102,  16000
  20,  656, 62%,    273,    262,   640,        0,    102,  16000
  20,  656, 75%,    267,    256,   640,        0,    102,  16000
  20,  656, 87%,   4282,   4110,   640,       60,    102,  16000
  20,  738, 12%,   2096,   2263,   720,       37,    102,  16000
  20,  738, 25%,   1069,   1154,   720,        1,    103,  16000
  20,  738, 37%,    229,    247,   720,        0,    102,  16000
  20,  738, 50%,   1124,   1213,   720,        1,    102,  16000
  20,  738, 62%,    240,    259,   720,        0,    102,  16000
  20,  738, 75%,    764,    825,   720,        0,    103,  16000
  20,  738, 87%,   2127,   2297,   720,       37,    102,  16000
  20,  820, 12%,   1128,   1353,   800,       28,    103,  16000
  20,  820, 25%,    211,    253,   800,        0,    102,  16000
  20,  820, 37%,   1109,   1330,   800,        1,    102,  16000
  20,  820, 50%,    209,    250,   800,        0,    102,  16000
  20,  820, 62%,    204,    244,   800,        0,    102,  16000
  20,  820, 75%,    209,    250,   800,        0,    102,  16000
  20,  820, 87%,   1176,   1411,   800,       25,    102,  16000
  20,  902, 12%,   2173,   2868,   880,       11,    102,  16000
  20,  902, 25%,    198,    261,   880,        0,    102,  16000
  20,  902, 37%,    163,    215,   880,        0,    103,  16000
  20,  902, 50%,    191,    252,   880,        0,    102,  16000
  20,  902, 62%,   1040,   1372,   880,        1,    102,  16000
  20,  902, 75%,    195,    257,   880,        0,    102,  16000
  20,  902, 87%,   4230,   5583,   880,       15,    103,  16000
  20,  984, 12%,   2084,   3000,   960,        5,    102,  16000
  20,  984, 25%,   1133,   1631,   960,        1,    102,  16000
  20,  984, 37%,    175,    252,   960,        0,    102,  16000
  20,  984, 50%,    510,    734,   960,        0,    103,  16000
  20,  984, 62%,    178,    256,   960,        0,    102,  16000
  20,  984, 75%,    681,    980,   960,        0,    103,  16000
  20,  984, 87%,   2131,   3068,   960,        3,    102,  16000
  20, 1066, 12%,   1145,   1786,  1041,        3,    102,  16000
  20, 1066, 25%,    163,    254,  1041,        0,    102,  16000
  20, 1066, 37%,    164,    255,  1041,        0,    102,  16000
  20, 1066, 50%,    166,    258,  1041,        0,    102,  16000
  20, 1066, 62%,    345,    538,  1041,        0,    103,  16000
  20, 1066, 75%,    160,    249,  1041,        0,    102,  16000
  20, 1066, 87%,   1133,   1767,  1041,        4,    102,  16000
  20, 1148, 12%,   1059,   1779,  1121,        2,    102,  16000
  20, 1148, 25%,    240,    403,  1121,        0,    103,  16000
  20, 1148, 37%,    128,    215,  1121,        0,    103,  16000
  20, 1148, 50%,    132,    221,  1121,        0,    102,  16000
  20, 1148, 62%,    146,    245,  1121,        0,    102,  16000
  20, 1148, 75%,    143,    240,  1121,        0,    103,  16000
  20, 1148, 87%,   1033,   1735,  1121,        2,    102,  16000
  20, 1230, 12%,   1082,   1947,  1201,        1,    103,  16000
  20, 1230, 25%,    143,    257,  1201,        0,    102,  16000
  20, 1230, 37%,    135,    243,  1201,        0,    102,  16000
  20, 1230, 50%,    142,    255,  1201,        0,    102,  16000
  20, 1230, 62%,    145,    261,  1201,        0,    102,  16000
  20, 1230, 75%,    142,    255,  1201,        0,    102,  16000
  20, 1230, 87%,   1051,   1891,  1201,        1,    102,  16000
 200,  164, 12%,  65535,  15728,   160,      623,    104,  16000
 200,  164, 25%,  65535,  15728,   160,      627,    105,  16000
 200,  164, 37%,  65535,  15728,   160,      620,    103,  16000
 200,  164, 50%,  65535,  15728,   160,      624,    104,  16000
 200,  164, 62%,  65535,  15728,   160,      619,    104,  16000
 200,  164, 75%,  65535,  15728,   160,      627,    105,  16000
 200,  164, 87%,  65535,  15728,   160,      625,    104,  16000
 200,  246, 12%,  65535,  23592,   240,      414,    105,  16000
 200,  246, 25%,  65535,  23592,   240,      404,    104,  16000
 200,  246, 37%,  36955,  13303,   240,      401,    104,  16000
 200,  246, 50%,  20884,   7518,   240,      400,    104,  16000
 200,  246, 62%,  37011,  13323,   240,      401,    104,  16000
 200,  246, 75%,  37110,  13359,   240,      404,    104,  16000
 200,  246, 87%,  65535,  23592,   240,      413,    104,  16000
 200,  328, 12%,  65535,  31456,   320,      308,    104,  16000
 200,  328, 25%,  65535,  31456,   320,      312,    104,  16000
 200,  328, 37%,  65535,  31456,   320,      309,    104,  16000
 200,  328, 50%,  56362,  27053,   320,      311,    105,  16000
 200,  328, 62%,  65535,  31456,   320,      311,    104,  16000
 200,  328, 75%,  65535,  31456,   320,      314,    105,  16000
 200,  328, 87%,  65535,  31456,   320,      311,    104,  16000
 200,  410, 12%,  54285,  32571,   400,      246,    104,  16000
 200,  410, 25%,  21699,  13019,   400,      239,    104,  16000
 200,  410, 37%,  21757,  13054,   400,      239,    104,  16000
 200,  410, 50%,  18665,  11199,   400,      239,    104,  16000
 200,  410, 62%,  21701,  13020,   400,      239,    104,  16000
 200,  410, 75%,  21764,  13058,   400,      239,    104,  16000
 200,  410, 87%,  54340,  32604,   400,      245,    104,  16000
 200,  492, 12%,  50589,  36424,   480,      203,    104,  16000
 200,  492, 25%,  28872,  20787,   480,      191,    104,  16000
 200,  492, 37%,  11265,   8110,   480,      184,    105,  16000
 200,  492, 50%,   7614,   5482,   480,      183,    104,  16000
 200,  492, 62%,  12853,   9254,   480,      185,    104,  16000
 200,  492, 75%,  21102,  15193,   480,      190,    104,  16000
 200,  492, 87%,  37471,  26979,   480,      202,    105,  16000
 200,  574, 12%,  33989,  28550,   560,      174,    104,  16000
 200,  574, 25%,  24692,  20741,   560,      163,    105,  16000
 200,  574, 37%,   8511,   7149,   560,      160,    104,  16000
 200,  574, 50%,   9430,   7921,   560,      161,    104,  16000
 200,  574, 62%,   8516,   7153,   560,      160,    104,  16000
 200,  574, 75%,   8517,   7154,   560,      160,    104,  16000
 200,  574, 87%,  33936,  28506,   560,      171,    104,  16000
 200,  656, 12%,  65535,  62913,   640,      157,    104,  16000
 200,  656, 25%,  65535,  62913,   640,      155,    104,  16000
 200,  656, 37%,  65535,  62913,   640,      156,    105,  16000
 200,  656, 50%,  65535,  62913,   640,      156,    104,  16000
 200,  656, 62%,  63497,  60957,   640,      154,    105,  16000
 200,  656, 75%,  65535,  62913,   640,      154,    103,  16000
 200,  656, 87%,  65535,  62913,   640,      155,    104,  16000
 200,  738, 12%,  36954,  39910,   720,      130,    104,  16000
 200,  738, 25%,  15387,  16617,   720,      123,    104,  16000
 200,  738, 37%,   8408,   9080,   720,      121,    104,  16000
 200,  738, 50%,   8519,   9200,   720,      121,    104,  16000
 200,  738, 62%,   8670,   9363,   720,      121,    104,  16000
 200,  738, 75%,   8780,   9482,   720,      121,    104,  16000
 200,  738, 87%,  30423,  32856,   720,      131,    104,  16000
 200,  820, 12%,  18502,  22202,   800,      115,    104,  16000
 200,  820, 25%,   7330,   8796,   800,      106,    105,  16000
 200,  820, 37%,   7356,   8827,   800,       97,    104,  16000
 200,  820, 50%,   6441,   7729,   800,       95,    105,  16000
 200,  820, 62%,   7536,   9043,   800,       95,    104,  16000
 200,  820, 75%,  10758,  12909,   800,      108,    104,  16000
 200,  820, 87%,  18996,  22795,   800,      114,    104,  16000
 200,  902, 12%,  35907,  47397,   880,      107,    104,  16000
 200,  902, 25%,   9432,  12450,   880,       96,    104,  16000
 200,  902, 37%,   6453,   8517,   880,       85,    104,  16000
 200,  902, 50%,   3506,   4627,   880,       80,    104,  16000
 200,  902, 62%,   6563,   8663,   880,       85,    104,  16000
 200,  902, 75%,   9654,  12743,   880,       94,    105,  16000
 200,  902, 87%,  36268,  47873,   880,      108,    104,  16000
 200,  984, 12%,  26739,  38504,   960,       95,    104,  16000
 200,  984, 25%,  12537,  18053,   960,       84,    104,  16000
 200,  984, 37%,   5202,   7490,   960,       81,    104,  16000
 200,  984, 50%,   4442,   6396,   960,       79,    104,  16000
 200,  984, 62%,   6417,   9240,   960,       81,    104,  16000
 200,  984, 75%,  12596,  18138,   960,       83,    104,  16000
 200,  984, 87%,  28957,  41698,   960,       94,    104,  16000
 200, 1066, 12%,  10330,  16114,  1041,       86,    104,  16000
 200, 1066, 25%,   5368,   8374,  1041,       79,    104,  16000
 200, 1066, 37%,   5376,   8386,  1041,       79,    104,  16000
 200, 1066, 50%,   5374,   8383,  1041,       79,    104,  16000
 200, 1066, 62%,   5345,   8338,  1041,       79,    104,  16000
 200, 1066, 75%,   8438,  13163,  1041,       81,    105,  16000
 200, 1066, 87%,  16587,  25875,  1041,       88,    104,  16000
 200, 1148, 12%,  16452,  27639,  1121,       81,    104,  16000
 200, 1148, 25%,   8311,  13962,  1121,       79,    104,  16000
 200, 1148, 37%,  12347,  20742,  1121,       80,    104,  16000
 200, 1148, 50%,   8353,  14033,  1121,       79,    104,  16000
 200, 1148, 62%,   8351,  14029,  1121,       79,    104,  16000
 200, 1148, 75%,   8321,  13979,  1121,       79,    104,  16000
 200, 1148, 87%,   8335,  14002,  1121,       79,    104,  16000
 200, 1230, 12%,  18496,  33292,  1201,       79,    104,  16000
 200, 1230, 25%,  18449,  33208,  1201,       79,    104,  16000
 200, 1230, 37%,  18515,  33327,  1201,       79,    105,  16000
 200, 1230, 50%,  18507,  33312,  1201,       79,    104,  16000
 200, 1230, 62%,  18460,  33228,  1201,       79,    105,  16000
 200, 1230, 75%,  18464,  33235,  1201,       79,    104,  16000
 200, 1230, 87%,  28729,  51712,  1201,       80,    104,  16000
 400,  164, 12%,  65535,  15728,   160,      647,    107,  16000
 400,  164, 25%,  65535,  15728,   160,      647,    108,  16000
 400,  164, 37%,  65535,  15728,   160,      640,    107,  16000
 400,  164, 50%,  65535,  15728,   160,      644,    108,  16000
 400,  164, 62%,  65535,  15728,   160,      639,    106,  16000
 400,  164, 75%,  65535,  15728,   160,      643,    107,  16000
 400,  164, 87%,  65535,  15728,   160,      648,    107,  16000
 400,  246, 12%,  65535,  23592,   240,      431,    107,  16000
 400,  246, 25%,  65535,  23592,   240,      430,    107,  16000
 400,  246, 37%,  65535,  23592,   240,      427,    106,  16000
 400,  246, 50%,  65535,  23592,   240,      429,    107,  16000
 400,  246, 62%,  65535,  23592,   240,      428,    107,  16000
 400,  246, 75%,  65535,  23592,   240,      430,    107,  16000
 400,  246, 87%,  65535,  23592,   240,      430,    107,  16000
 400,  328, 12%,  65535,  31456,   320,      321,    107,  16000
 400,  328, 25%,  65535,  31456,   320,      319,    107,  16000
 400,  328, 37%,  65535,  31456,   320,      319,    107,  16000
 400,  328, 50%,  65535,  31456,   320,      319,    107,  16000
 400,  328, 62%,  65535,  31456,   320,      319,    107,  16000
 400,  328, 75%,  65535,  31456,   320,      321,    107,  16000
 400,  328, 87%,  65535,  31456,   320,      320,    107,  16000
 400,  410, 12%,  65535,  39321,   400,      253,    108,  16000
 400,  410, 25%,  65535,  39321,   400,      252,    107,  16000
 400,  410, 37%,  40202,  24121,   400,      248,    107,  16000
 400,  410, 50%,  32825,  19695,   400,      243,    106,  16000
 400,  410, 62%,  46269,  27761,   400,      246,    107,  16000
 400,  410, 75%,  65535,  39321,   400,      250,    107,  16000
 400,  410, 87%,  65535,  39321,   400,      253,    106,  16000
 400,  492, 12%,  65535,  47185,   480,      213,    107,  16000
 400,  492, 25%,  37981,  27346,   480,      206,    106,  16000
 400,  492, 37%,  39185,  28213,   480,      204,    107,  16000
 400,  492, 50%,  15829,  11396,   480,      200,    107,  16000
 400,  492, 62%,  26983,  19427,   480,      203,    107,  16000
 400,  492, 75%,  38199,  27503,   480,      206,    107,  16000
 400,  492, 87%,  65535,  47185,   480,      213,    107,  16000
 400,  574, 12%,  65535,  55049,   560,      179,    107,  16000
 400,  574, 25%,  65535,  55049,   560,      178,    108,  16000
 400,  574, 37%,  22867,  19208,   560,      172,    106,  16000
 400,  574, 50%,  13765,  11562,   560,      172,    107,  16000
 400,  574, 62%,  32742,  27503,   560,      173,    107,  16000
 400,  574, 75%,  37537,  31531,   560,      176,    107,  16000
 400,  574, 87%,  65535,  55049,   560,      180,    107,  16000
 400,  656, 12%,  61520,  59059,   640,      159,    107,  16000
 400,  656, 25%,  61520,  59059,   640,      159,    107,  16000
 400,  656, 37%,  57351,  55056,   640,      159,    108,  16000
 400,  656, 50%,  61514,  59053,   640,      159,    107,  16000
 400,  656, 62%,  61534,  59072,   640,      159,    107,  16000
 400,  656, 75%,  61500,  59040,   640,      159,    106,  16000
 400,  656, 87%,  61495,  59035,   640,      159,    107,  16000
 400,  738, 12%,  28687,  30981,   720,      139,    108,  16000
 400,  738, 25%,  17653,  19065,   720,      134,    107,  16000
 400,  738, 37%,  18433,  19907,   720,      131,    108,  16000
 400,  738, 50%,  10584,  11430,   720,      129,    106,  16000
 400,  738, 62%,  17853,  19281,   720,      131,    107,  16000
 400,  738, 75%,  18041,  19484,   720,      134,    107,  16000
 400,  738, 87%,  40322,  43547,   720,      139,    107,  16000
 400,  820, 12%,  53252,  63902,   800,      125,    107,  16000
 400,  820, 25%,  12536,  15043,   800,      120,    106,  16000
 400,  820, 37%,  12563,  15075,   800,      120,    107,  16000
 400,  820, 50%,  16405,  19686,   800,      120,    108,  16000
 400,  820, 62%,  12551,  15061,   800,      120,    107,  16000
 400,  820, 75%,  22527,  27032,   800,      121,    108,  16000
 400,  820, 87%,  39027,  46832,   800,      124,    106,  16000
 400,  902, 12%,  65535,  86506,   880,      116,    107,  16000
 400,  902, 25%,  65535,  86506,   880,      117,    107,  16000
 400,  902, 37%,  65535,  86506,   880,      117,    107,  16000
 400,  902, 50%,  65535,  86506,   880,      116,    107,  16000
 400,  902, 62%,  65535,  86506,   880,      117,    107,  16000
 400,  902, 75%,  65535,  86506,   880,      116,    107,  16000
 400,  902, 87%,  65535,  86506,   880,      116,    108,  16000
 400,  984, 12%,  18511,  26655,   960,      103,    106,  16000
 400,  984, 25%,  18572,  26743,   960,      101,    107,  16000
 400,  984, 37%,  10390,  14961,   960,       97,    107,  16000
 400,  984, 50%,  10577,  15230,   960,       97,    107,  16000
 400,  984, 62%,  10731,  15452,   960,       97,    107,  16000
 400,  984, 75%,  19014,  27380,   960,       97,    106,  16000
 400,  984, 87%,  19713,  28386,   960,      101,    107,  16000
 400, 1066, 12%,  61440,  95846,  1041,       94,    106,  16000
 400, 1066, 25%,  44059,  68732,  1041,       88,    107,  16000
 400, 1066, 37%,  63501,  99061,  1041,       94,    107,  16000
 400, 1066, 50%,  17448,  27218,  1041,       84,    107,  16000
 400, 1066, 62%,  37993,  59269,  1041,       89,    107,  16000
 400, 1066, 75%,  14866,  23190,  1041,       82,    107,  16000
 400, 1066, 87%,  43120,  67267,  1041,       89,    107,  16000
 400, 1148, 12%,  41858,  70321,  1121,       87,    107,  16000
 400, 1148, 25%,   6328,  10631,  1121,       79,    108,  16000
 400, 1148, 37%,   8536,  14340,  1121,       79,    107,  16000
 400, 1148, 50%,   6416,  10778,  1121,       79,    108,  16000
 400, 1148, 62%,   8514,  14303,  1121,       79,    107,  16000
 400, 1148, 75%,  15800,  26544,  1121,       81,    107,  16000
 400, 1148, 87%,  44359,  74523,  1121,       86,    106,  16000
 400, 1230, 12%,  32426,  58366,  1201,       81,    107,  16000
 400, 1230, 25%,  12439,  22390,  1201,       79,    107,  16000
 400, 1230, 37%,  12419,  22354,  1201,       79,    106,  16000
 400, 1230, 50%,  12453,  22415,  1201,       80,    107,  16000
 400, 1230, 62%,  12484,  22471,  1201,       79,    107,  16000
 400, 1230, 75%,  19523,  35141,  1201,       80,    107,  16000
 400, 1230, 87%,  25669,  46204,  1201,       80,    107,  16000
 800,  164, 12%,  65535,  15728,   160,      670,    111,  16000
 800,  164, 25%,  65535,  15728,   160,      668,    110,  16000
 800,  164, 37%,  65535,  15728,   160,      666,    110,  16000
 800,  164, 50%,  65535,  15728,   160,      662,    110,  16000
 800,  164, 62%,  65535,  15728,   160,      660,    110,  16000
 800,  164, 75%,  65535,  15728,   160,      669,    110,  16000
 800,  164, 87%,  65535,  15728,   160,      668,    110,  16000
 800,  246, 12%,  65535,  23592,   240,      446,    110,  16000
 800,  246, 25%,  65535,  23592,   240,      441,    110,  16000
 800,  246, 37%,  65535,  23592,   240,      439,    110,  16000
 800,  246, 50%,  65535,  23592,   240,      439,    110,  16000
 800,  246, 62%,  65535,  23592,   240,      440,    110,  16000
 800,  246, 75%,  65535,  23592,   240,      445,    111,  16000
 800,  246, 87%,  65535,  23592,   240,      442,    109,  16000
 800,  328, 12%,  65535,  31456,   320,      335,    110,  16000
 800,  328, 25%,  65535,  31456,   320,      329,    110,  16000
 800,  328, 37%,  65535,  31456,   320,      329,    109,  16000
 800,  328, 50%,  65535,  31456,   320,      330,    110,  16000
 800,  328, 62%,  65535,  31456,   320,      329,    110,  16000
 800,  328, 75%,  65535,  31456,   320,      331,    111,  16000
 800,  328, 87%,  65535,  31456,   320,      329,    110,  16000
 800,  410, 12%,  65535,  39321,   400,      266,    110,  16000
 800,  410, 25%,  65535,  39321,   400,      262,    110,  16000
 800,  410, 37%,  40290,  24174,   400,      262,    110,  16000
 800,  410, 50%,  40440,  24264,   400,      260,    110,  16000
 800,  410, 62%,  65535,  39321,   400,      261,    110,  16000
 800,  410, 75%,  65535,  39321,   400,      265,    110,  16000
 800,  410, 87%,  65535,  39321,   400,      264,    110,  16000
 800,  492, 12%,  65535,  47185,   480,      223,    111,  16000
 800,  492, 25%,  65535,  47185,   480,      219,    109,  16000
 800,  492, 37%,  65535,  47185,   480,      220,    110,  16000
 800,  492, 50%,  65535,  47185,   480,      219,    110,  16000
 800,  492, 62%,  65535,  47185,   480,      219,    109,  16000
 800,  492, 75%,  65535,  47185,   480,      219,    110,  16000
 800,  492, 87%,  65535,  47185,   480,      221,    111,  16000
 800,  574, 12%,  65535,  55049,   560,      188,    110,  16000
 800,  574, 25%,  65535,  55049,   560,      188,    110,  16000
 800,  574, 37%,  28734,  24136,   560,      183,    110,  16000
 800,  574, 50%,  28809,  24199,   560,      184,    111,  16000
 800,  574, 62%,  48519,  40755,   560,      184,    110,  16000
 800,  574, 75%,  48521,  40757,   560,      186,    110,  16000
 800,  574, 87%,  65535,  55049,   560,      188,    110,  16000
 800,  656, 12%,  65535,  62913,   640,      165,    109,  16000
 800,  656, 25%,  43041,  41319,   640,      163,    110,  16000
 800,  656, 37%,  42122,  40437,   640,      162,    110,  16000
 800,  656, 50%,  25702,  24673,   640,      161,    110,  16000
 800,  656, 62%,  42088,  40404,   640,      162,    110,  16000
 800,  656, 75%,  42187,  40499,   640,      162,    110,  16000
 800,  656, 87%,  42228,  40538,   640,      162,    110,  16000
 800,  738, 12%,  65535,  70777,   720,      147,    110,  16000
 800,  738, 25%,  44820,  48405,   720,      143,    110,  16000
 800,  738, 37%,  22783,  24605,   720,      140,    111,  16000
 800,  738, 50%,  21888,  23639,   720,      139,    110,  16000
 800,  738, 62%,  38199,  41254,   720,      141,    110,  16000
 800,  738, 75%,  52635,  56845,   720,      142,    110,  16000
 800,  738, 87%,  65535,  70777,   720,      145,    109,  16000
 800,  820, 12%,  47126,  56551,   800,      129,    110,  16000
 800,  820, 25%,  41020,  49224,   800,      130,    111,  16000
 800,  820, 37%,  26794,  32152,   800,      127,    109,  16000
 800,  820, 50%,  26793,  32151,   800,      128,    110,  16000
 800,  820, 62%,  26989,  32386,   800,      127,    110,  16000
 800,  820, 75%,  47651,  57181,   800,      129,    109,  16000
 800,  820, 87%,  65535,  78642,   800,      130,    110,  16000
 800,  902, 12%,  65535,  86506,   880,      120,    111,  16000
 800,  902, 25%,  65535,  86506,   880,      119,    110,  16000
 800,  902, 37%,  65535,  86506,   880,      120,    110,  16000
 800,  902, 50%,  65535,  86506,   880,      119,    110,  16000
 800,  902, 62%,  61444,  81106,   880,      119,    110,  16000
 800,  902, 75%,  65535,  86506,   880,      119,    109,  16000
 800,  902, 87%,  65535,  86506,   880,      119,    110,  16000
 800,  984, 12%,  39046,  56226,   960,      109,    111,  16000
 800,  984, 25%,  39070,  56260,   960,      107,    109,  16000
 800,  984, 37%,  16486,  23739,   960,      104,    110,  16000
 800,  984, 50%,  16644,  23967,   960,      103,    110,  16000
 800,  984, 62%,  17607,  25354,   960,      104,    110,  16000
 800,  984, 75%,  28112,  40481,   960,      106,    110,  16000
 800,  984, 87%,  39474,  56842,   960,      108,    110,  16000
 800, 1066, 12%,  47130,  73522,  1041,      100,    111,  16000
 800, 1066, 25%,  35917,  56030,  1041,       99,    110,  16000
 800, 1066, 37%,  47198,  73628,  1041,      100,    110,  16000
 800, 1066, 50%,  30818,  48076,  1041,       99,    110,  16000
 800, 1066, 62%,  35939,  56064,  1041,       99,    110,  16000
 800, 1066, 75%,  36031,  56208,  1041,       99,    110,  16000
 800, 1066, 87%,  35964,  56103,  1041,       99,    110,  16000
 800, 1148, 12%,  43067,  72352,  1121,       92,    110,  16000
 800, 1148, 25%,  23709,  39831,  1121,       92,    110,  16000
 800, 1148, 37%,  23784,  39957,  1121,       91,    110,  16000
 800, 1148, 50%,  23992,  40306,  1121,       91,    111,  16000
 800, 1148, 62%,  24131,  40540,  1121,       91,    109,  16000
 800, 1148, 75%,  24187,  40634,  1121,       91,    110,  16000
 800, 1148, 87%,  48743,  81888,  1121,       93,    110,  16000
 800, 1230, 12%,  49898,  89816,  1201,       88,    111,  16000
 800, 1230, 25%,  40180,  72324,  1201,       85,    109,  16000
 800, 1230, 37%,  31055,  55899,  1201,       82,    110,  16000
 800, 1230, 50%,  12724,  22903,  1201,       80,    110,  16000
 800, 1230, 62%,  21942,  39495,  1201,       81,    109,  16000
 800, 1230, 75%,  40397,  72714,  1201,       83,    110,  16000
 800, 1230, 87%,  58777, 105798,  1201,       87,    110,  16000
1600,  164, 12%,  65535,  15728,   160,      691,    114,  16000
1600,  164, 25%,  65535,  15728,   160,      689,    113,  16000
1600,  164, 37%,  65535,  15728,   160,      691,    114,  16000
1600,  164, 50%,  65535,  15728,   160,      688,    113,  16000
1600,  164, 62%,  65535,  15728,   160,      687,    113,  16000
1600,  164, 75%,  65535,  15728,   160,      688,    113,  16000
1600,  164, 87%,  65535,  15728,   160,      690,    113,  16000
1600,  246, 12%,  65535,  23592,   240,      457,    113,  16000
1600,  246, 25%,  65535,  23592,   240,      459,    113,  16000
1600,  246, 37%,  65535,  23592,   240,      458,    113,  16000
1600,  246, 50%,  65535,  23592,   240,      458,    113,  16000
1600,  246, 62%,  65535,  23592,   240,      459,    113,  16000
1600,  246, 75%,  65535,  23592,   240,      460,    113,  16000
1600,  246, 87%,  65535,  23592,   240,      457,    113,  16000
1600,  328, 12%,  65535,  31456,   320,      345,    114,  16000
1600,  328, 25%,  65535,  31456,   320,      344,    113,  16000
1600,  328, 37%,  65535,  31456,   320,      342,    113,  16000
1600,  328, 50%,  65535,  31456,   320,      342,    114,  16000
1600,  328, 62%,  65535,  31456,   320,      339,    113,  16000
1600,  328, 75%,  65535,  31456,   320,      344,    114,  16000
1600,  328, 87%,  65535,  31456,   320,      343,    113,  16000
1600,  410, 12%,  65535,  39321,   400,      273,    113,  16000
1600,  410, 25%,  65535,  39321,   400,      273,    113,  16000
1600,  410, 37%,  65535,  39321,   400,      275,    113,  16000
1600,  410, 50%,  65535,  39321,   400,      271,    113,  16000
1600,  410, 62%,  65535,  39321,   400,      274,    113,  16000
1600,  410, 75%,  65535,  39321,   400,      272,    113,  16000
1600,  410, 87%,  65535,  39321,   400,      272,    113,  16000
1600,  492, 12%,  65535,  47185,   480,      229,    113,  16000
1600,  492, 25%,  65535,  47185,   480,      229,    113,  16000
1600,  492, 37%,  65535,  47185,   480,      229,    113,  16000
1600,  492, 50%,  65535,  47185,   480,      229,    114,  16000
1600,  492, 62%,  65535,  47185,   480,      229,    113,  16000
1600,  492, 75%,  65535,  47185,   480,      229,    113,  16000
1600,  492, 87%,  65535,  47185,   480,      229,    114,  16000
1600,  574, 12%,  65535,  55049,   560,      195,    113,  16000
1600,  574, 25%,  61489,  51650,   560,      194,    114,  16000
1600,  574, 37%,  65535,  55049,   560,      193,    113,  16000
1600,  574, 50%,  65535,  55049,   560,      193,    113,  16000
1600,  574, 62%,  65535,  55049,   560,      194,    113,  16000
1600,  574, 75%,  65535,  55049,   560,      194,    114,  16000
1600,  574, 87%,  65535,  55049,   560,      194,    113,  16000
1600,  656, 12%,  65535,  62913,   640,      172,    114,  16000
1600,  656, 25%,  65535,  62913,   640,      169,    114,  16000
1600,  656, 37%,  65535,  62913,   640,      169,    113,  16000
1600,  656, 50%,  65535,  62913,   640,      169,    113,  16000
1600,  656, 62%,  65535,  62913,   640,      171,    113,  16000
1600,  656, 75%,  65535,  62913,   640,      169,    113,  16000
1600,  656, 87%,  65535,  62913,   640,      171,    113,  16000
1600,  738, 12%,  65535,  70777,   720,      153,    113,  16000
1600,  738, 25%,  46272,  49973,   720,      150,    113,  16000
1600,  738, 37%,  46250,  49950,   720,      150,    113,  16000
1600,  738, 50%,  62770,  67791,   720,      150,    114,  16000
1600,  738, 62%,  46269,  49970,   720,      150,    113,  16000
1600,  738, 75%,  65535,  70777,   720,      151,    114,  16000
1600,  738, 87%,  65535,  70777,   720,      152,    113,  16000
1600,  820, 12%,  65535,  78642,   800,      135,    113,  16000
1600,  820, 25%,  65535,  78642,   800,      135,    113,  16000
1600,  820, 37%,  56488,  67785,   800,      136,    114,  16000
1600,  820, 50%,  65535,  78642,   800,      135,    113,  16000
1600,  820, 62%,  65535,  78642,   800,      136,    114,  16000
1600,  820, 75%,  65535,  78642,   800,      135,    113,  16000
1600,  820, 87%,  65535,  78642,   800,      136,    113,  16000
1600,  902, 12%,  65535,  86506,   880,      124,    113,  16000
1600,  902, 25%,  64721,  85431,   880,      124,    113,  16000
1600,  902, 37%,  51260,  67663,   880,      122,    113,  16000
1600,  902, 50%,  24907,  32877,   880,      120,    113,  16000
1600,  902, 62%,  65535,  86506,   880,      123,    113,  16000
1600,  902, 75%,  63747,  84146,   880,      122,    113,  16000
1600,  902, 87%,  65535,  86506,   880,      123,    113,  16000
1600,  984, 12%,  65535,  94370,   960,      114,    113,  16000
1600,  984, 25%,  65535,  94370,   960,      115,    113,  16000
1600,  984, 37%,  46425,  66852,   960,      110,    113,  16000
1600,  984, 50%,  22884,  32952,   960,      109,    113,  16000
1600,  984, 62%,  22913,  32994,   960,      109,    113,  16000
1600,  984, 75%,  35262,  50777,   960,      111,    114,  16000
1600,  984, 87%,  65535,  94370,   960,      113,    113,  16000
1600, 1066, 12%,  65535, 102234,  1041,      106,    114,  16000
1600, 1066, 25%,  53346,  83219,  1041,      103,    113,  16000
1600, 1066, 37%,  31863,  49706,  1041,      101,    113,  16000
1600, 1066, 50%,  32044,  49988,  1041,      101,    113,  16000
1600, 1066, 62%,  43327,  67590,  1041,      103,    114,  16000
1600, 1066, 75%,  53813,  83948,  1041,      102,    113,  16000
1600, 1066, 87%,  65535, 102234,  1041,      105,    114,  16000
1600, 1148, 12%,  50270,  84453,  1121,       97,    113,  16000
1600, 1148, 25%,  59777, 100425,  1121,       97,    113,  16000
1600, 1148, 37%,  40213,  67557,  1121,       96,    114,  16000
1600, 1148, 50%,  65535, 110098,  1121,       97,    113,  16000
1600, 1148, 62%,  40497,  68034,  1121,       96,    114,  16000
1600, 1148, 75%,  65535, 110098,  1121,       96,    113,  16000
1600, 1148, 87%,  60221, 101171,  1121,       96,    113,  16000
1600, 1230, 12%,  46098,  82976,  1201,       89,    113,  16000
1600, 1230, 25%,  65535, 117963,  1201,       90,    114,  16000
1600, 1230, 37%,  46129,  83032,  1201,       89,    113,  16000
1600, 1230, 50%,  46219,  83194,  1201,       89,    114,  16000
1600, 1230, 62%,  46146,  83062,  1201,       89,    113,  16000
1600, 1230, 75%,  46120,  83016,  1201,       89,    113,  16000
1600, 1230, 87%,  65535, 117963,  1201,       90,    113,  16000
